"Folder","File","SizeKB"
".","EMPTY_FILES.txt","8.87"
".","EpexBank-Admin-Backend-Review.txt","314.13"
".","EpexBank-Admin-Frontend-Review.txt","552.77"
".","epexbank-files-report.csv","0"
".\backend",".env","0.4"
".\backend",".env.example","0.21"
".\backend",".gitignore","0.73"
".\backend","package-lock.json","81.96"
".\backend","package.json","1.03"
".\backend","README.md","1.09"
".\backend\prisma","schema.backup.prisma","21.75"
".\backend\prisma","schema.prisma","27.64"
".\backend\prisma","schema.prisma.backup_20261003_155456","24.51"
".\backend\prisma\migrations","migration_lock.toml","0.12"
".\backend\prisma\migrations\20260910224150_init","migration.sql","29.64"
".\backend\prisma\migrations\20260911022514_add_session_revocation","migration.sql","0.18"
".\backend\prisma\migrations\20260912200418_add_transaction_idempotency","migration.sql","0.86"
".\backend\prisma\migrations\20260912205846_add_transfer_idempotency","migration.sql","0.79"
".\backend\prisma\migrations\20260912213511_add_transfer_idempotency","migration.sql","0.31"
".\backend\prisma\migrations\20261001143604_add_btc_investments","migration.sql","3.57"
".\backend\prisma\migrations\20261002180527_add_investment_payment_proof","migration.sql","0.2"
".\backend\prisma\migrations\20261003150053_add_transfer_compliance_and_alert_settings","migration.sql","1.57"
".\backend\prisma\migrations\20261003192804_add_notification_preferences","migration.sql","0.89"
".\backend\prisma\migrations\20261005042613_add_card_number","migration.sql","0.31"
".\backend\prisma\migrations\20261005044130_add_card_cvv","migration.sql","0.06"
".\backend\prisma\migrations\20261005175708_add_user_preferences","migration.sql","0.7"
".\backend\prisma\migrations\20261007134700_add_aml_cft_kyc_codes","migration.sql","0.31"
".\backend\src","app.js","10.6"
".\backend\src","server.js","3.26"
".\backend\src\config","database.js","0.22"
".\backend\src\config","env.js","0.61"
".\backend\src\controllers","accountController.js","1.5"
".\backend\src\controllers","adminComplianceController.js","4.95"
".\backend\src\controllers","adminController.backup.js","66.56"
".\backend\src\controllers","adminController.before-ownership-fix.js","57.89"
".\backend\src\controllers","adminController.js","81.36"
".\backend\src\controllers","adminController.js.backup","72.44"
".\backend\src\controllers","adminController.js.before-statistics-update","72.44"
".\backend\src\controllers","adminInvestmentController.js","6.12"
".\backend\src\controllers","adminTransferController.js","10.66"
".\backend\src\controllers","authController.js","3.36"
".\backend\src\controllers","bankTransferController.js","3.2"
".\backend\src\controllers","bankTransferDetailsController.js","0.72"
".\backend\src\controllers","bankTransferProcessingController.js","3.35"
".\backend\src\controllers","beneficiaryController.js","3.98"
".\backend\src\controllers","cardController.js","11.84"
".\backend\src\controllers","depositController.js","3.02"
".\backend\src\controllers","investmentController.js","13.18"
".\backend\src\controllers","kycController.js","15.55"
".\backend\src\controllers","loanController.js","7.8"
".\backend\src\controllers","notificationController.js","2.6"
".\backend\src\controllers","notificationPreferenceController.js","3.73"
".\backend\src\controllers","paymentController.js","3.19"
".\backend\src\controllers","savingsController.js","8.91"
".\backend\src\controllers","shareController.js","8.02"
".\backend\src\controllers","supportController.js","4.57"
".\backend\src\controllers","transactionController.js","1.59"
".\backend\src\controllers","transferController.js","2.11"
".\backend\src\controllers","userController.js","5.62"
".\backend\src\controllers","userPreferenceController.js","3.78"
".\backend\src\controllers","walletController.js","5.23"
".\backend\src\controllers","withdrawalController.js","2.18"
".\backend\src\middleware","adminAuth.js","0.75"
".\backend\src\middleware","auth.js","3.23"
".\backend\src\middleware","errorHandler.js","11.48"
".\backend\src\middleware","investmentPaymentUpload.js","2.06"
".\backend\src\middleware","notFound.js","0.27"
".\backend\src\middleware","rateLimiter.js","2.88"
".\backend\src\middleware","validate.js","0.54"
".\backend\src\routes","accountRoutes.js","0.66"
".\backend\src\routes","adminRoutes.js","7.91"
".\backend\src\routes","authRoutes.js","0.61"
".\backend\src\routes","bankTransferDetailsRoutes.js","0.8"
".\backend\src\routes","bankTransferProcessingRoutes.js","1.36"
".\backend\src\routes","bankTransferRoutes.js","1.13"
".\backend\src\routes","beneficiaryRoutes.js","1.54"
".\backend\src\routes","cardRoutes.js","2.23"
".\backend\src\routes","depositRoutes.js","1.09"
".\backend\src\routes","investmentRoutes.js","1.87"
".\backend\src\routes","kycRoutes.js","2.82"
".\backend\src\routes","loanRoutes.js","1.91"
".\backend\src\routes","notificationRoutes.js","1.19"
".\backend\src\routes","paymentRoutes.js","1.08"
".\backend\src\routes","savingsRoutes.js","3.32"
".\backend\src\routes","shareRoutes.js","1.71"
".\backend\src\routes","supportRoutes.js","1.09"
".\backend\src\routes","transactionRoutes.js","0.59"
".\backend\src\routes","transferRoutes.js","0.43"
".\backend\src\routes","userRoutes.js","1.54"
".\backend\src\routes","walletRoutes.js","2.69"
".\backend\src\routes","withdrawalRoutes.js","0.98"
".\backend\src\services","accountService.js","5.4"
".\backend\src\services","adminInvestmentService.js","29.13"
".\backend\src\services","authService.js","19.72"
".\backend\src\services","bankTransferDetailsService.js","9.66"
".\backend\src\services","bankTransferProcessingService.js","29.28"
".\backend\src\services","bankTransferService.js","46.37"
".\backend\src\services","beneficiaryService.js","10.73"
".\backend\src\services","cardService.js","29.3"
".\backend\src\services","emailService.js","22.24"
".\backend\src\services","investmentService.js","55.04"
".\backend\src\services","kycService.js","41.32"
".\backend\src\services","ledgerService.js","6.16"
".\backend\src\services","loanService.js","38.07"
".\backend\src\services","notificationService.js","15.5"
".\backend\src\services","savingsMaturityScheduler.js","1.27"
".\backend\src\services","savingsMaturityService.js","10.15"
".\backend\src\services","savingsOperationsService.js","17.61"
".\backend\src\services","savingsProductService.js","2.38"
".\backend\src\services","savingsService.js","26.16"
".\backend\src\services","shareService.js","33.65"
".\backend\src\services","supportService.js","22.26"
".\backend\src\services","transactionService.js","6.43"
".\backend\src\services","transferService.js","48.91"
".\backend\src\services","walletService.js","25.86"
".\backend\src\services","withdrawalService.js","26.83"
".\backend\src\sockets","socket.js","4.37"
".\backend\src\utils","bankTransfer.js","2.26"
".\backend\src\utils","beneficiary.js","6.37"
".\backend\src\utils","constants.js","0.48"
".\backend\src\utils","jwt.js","0.8"
".\backend\src\utils","logger.js","7.36"
".\backend\src\utils","money.js","1.11"
".\backend\src\utils","password.js","0.28"
".\backend\src\utils","reference.js","0.64"
".\backend\src\utils","transfer.js","1.51"
".\backend\src\utils","validationSchemas.js","1.49"
".\backend\uploads\investment-payments","1cd2b4bd-4406-46fa-9917-9ff37d027daa.png","1226.91"
".\backend\uploads\kyc","1f83b36e-43f9-4254-aafd-bd2921164d0f.png","230.55"
".\backend\uploads\kyc","3aaee9a0-e524-4941-bb5b-28bdcc233f2a.png","198.75"
".\backend\uploads\kyc","5f2338de-9c17-4bf9-bc35-66f6b5a61551.jpeg","67.63"
".\backend\uploads\kyc","689c1af2-d914-44a6-99b6-0807225bbcde.png","1226.91"
".\backend\uploads\kyc","69ba7e36-34d0-455e-a381-5e79a8684f6c.pdf","2121.02"
".\backend\uploads\kyc","6acf7797-7748-4e2a-b6a5-f583bcc78a6e.pdf","2119.63"
".\backend\uploads\kyc","6ee3bf09-61b1-4461-ae28-5f1745f48921.png","95.46"
".\backend\uploads\kyc","8689896e-508d-4950-9db4-49583168b290.jpg","1258.28"
".\backend\uploads\kyc","bfa6a9dd-1fb2-4445-b768-ed53184c9401.pdf","2121.02"
".\frontend",".env","0.04"
".\frontend",".gitignore","0.25"
".\frontend","eslint.config.js","0.55"
".\frontend","frontend-tree.txt","1323.09"
".\frontend","index.html","0.35"
".\frontend","package-lock.json","129.75"
".\frontend","package.json","0.8"
".\frontend","README.md","1"
".\frontend","vite.config.js","0.24"
".\frontend\public","favicon.svg","9.3"
".\frontend\public","icons.svg","4.91"
".\frontend\src","App.css","2.82"
".\frontend\src","App.jsx","25.25"
".\frontend\src","index.css","0.7"
".\frontend\src","main.jsx","0.8"
".\frontend\src\assets","hero.png","12.75"
".\frontend\src\assets","react.svg","4.03"
".\frontend\src\assets","vite.svg","8.5"
".\frontend\src\components\admin","AdminModulePage.jsx","4.01"
".\frontend\src\components\cards","BankCard.jsx","8.09"
".\frontend\src\components\cards","CardControls.jsx","6.23"
".\frontend\src\components\cards","CardLimitCard.jsx","6.52"
".\frontend\src\components\cards","CardTransactionList.jsx","12.05"
".\frontend\src\components\cards","PhysicalCard.jsx","5.36"
".\frontend\src\components\cards","VirtualCard.jsx","6.59"
".\frontend\src\components\charts","BalanceChart.jsx","5.9"
".\frontend\src\components\charts","InvestmentPerformanceChart.jsx","5.3"
".\frontend\src\components\charts","LoanProgressChart.jsx","4.84"
".\frontend\src\components\charts","PortfolioChart.jsx","5.17"
".\frontend\src\components\charts","SavingsGrowthChart.jsx","5.57"
".\frontend\src\components\charts","SpendingBreakdown.jsx","6.26"
".\frontend\src\components\common","Avatar.jsx","2.16"
".\frontend\src\components\common","Badge.jsx","3.26"
".\frontend\src\components\common","Button.jsx","1.81"
".\frontend\src\components\common","ConfirmDialog.jsx","2.09"
".\frontend\src\components\common","CopyButton.jsx","2.67"
".\frontend\src\components\common","CurrencyAmount.jsx","1.44"
".\frontend\src\components\common","EmptyState.jsx","1.31"
".\frontend\src\components\common","ErrorState.jsx","1.2"
".\frontend\src\components\common","Input.jsx","2.95"
".\frontend\src\components\common","LoadingScreen.jsx","1.08"
".\frontend\src\components\common","Modal.jsx","2.57"
".\frontend\src\components\common","ModulePage.jsx","4.98"
".\frontend\src\components\common","PageLoader.jsx","1.05"
".\frontend\src\components\common","Pagination.jsx","6.87"
".\frontend\src\components\common","ProtectedRoute.jsx","2.01"
".\frontend\src\components\common","SearchInput.jsx","2.02"
".\frontend\src\components\common","Select.jsx","3.4"
".\frontend\src\components\common","StatusBadge.jsx","3.4"
".\frontend\src\components\dashboard","AccountSummary.jsx","8.97"
".\frontend\src\components\dashboard","BalanceCard.jsx","7.56"
".\frontend\src\components\dashboard","DashboardStat.jsx","4.57"
".\frontend\src\components\dashboard","FinancialHealth.jsx","8.88"
".\frontend\src\components\dashboard","FinancialOverview.jsx","6.62"
".\frontend\src\components\dashboard","IncomeChart.jsx","7.19"
".\frontend\src\components\dashboard","NotificationPanel.jsx","9.97"
".\frontend\src\components\dashboard","QuickActions.jsx","6.38"
".\frontend\src\components\dashboard","RecentTransactions.jsx","10.07"
".\frontend\src\components\dashboard","SpendingChart.jsx","7.93"
".\frontend\src\components\dashboard","UpcomingPayment.jsx","10.57"
".\frontend\src\components\dashboard","WelcomeBanner.jsx","5.16"
".\frontend\src\components\forms","AddressFields.jsx","3.75"
".\frontend\src\components\forms","AmountField.jsx","1.82"
".\frontend\src\components\forms","DateField.jsx","0.71"
".\frontend\src\components\forms","FormField.jsx","3.9"
".\frontend\src\components\forms","PasswordField.jsx","2.79"
".\frontend\src\components\forms","PhoneField.jsx","1.18"
".\frontend\src\components\forms","SearchField.jsx","1.55"
".\frontend\src\components\layout","Breadcrumbs.jsx","4.01"
".\frontend\src\components\layout","DashboardLayout.jsx","3.12"
".\frontend\src\components\layout","MobileNav.jsx","12.71"
".\frontend\src\components\layout","PageHeader.jsx","3.08"
".\frontend\src\components\layout","Sidebar.jsx","17.42"
".\frontend\src\components\layout","Topbar.jsx","19"
".\frontend\src\components\modals","AddBeneficiaryModal.jsx","12.4"
".\frontend\src\components\modals","CardActionModal.jsx","7.11"
".\frontend\src\components\modals","DepositModal.jsx","9.75"
".\frontend\src\components\modals","PaymentModal.jsx","10.98"
".\frontend\src\components\modals","TransactionDetailsModal.jsx","13.18"
".\frontend\src\components\modals","TransferModal.jsx","13.62"
".\frontend\src\components\modals","WithdrawalModal.jsx","16.32"
".\frontend\src\components\transactions","TransactionDetails.jsx","11.15"
".\frontend\src\components\transactions","TransactionFilters.jsx","5.9"
".\frontend\src\components\transactions","TransactionList.jsx","5.42"
".\frontend\src\components\transactions","TransactionRow.jsx","6.44"
".\frontend\src\components\transactions","TransactionStatus.jsx","1.15"
".\frontend\src\context","AuthContext.jsx","7.9"
".\frontend\src\context","NotificationContext.jsx","5.67"
".\frontend\src\context","ThemeContext.jsx","4.57"
".\frontend\src\hooks","useAccounts.js","3.55"
".\frontend\src\hooks","useApi.js","1.36"
".\frontend\src\hooks","useAuth.js","0.06"
".\frontend\src\hooks","useDebounce.js","0.45"
".\frontend\src\hooks","useModal.js","0.8"
".\frontend\src\hooks","useNotifications.js","0.18"
".\frontend\src\hooks","usePagination.js","3.07"
".\frontend\src\hooks","useTheme.js","0.61"
".\frontend\src\hooks","useTransactions.js","6.99"
".\frontend\src\hooks","useTransfers.js","4.65"
".\frontend\src\hooks","useWallet.js","4.87"
".\frontend\src\layouts","AdminLayout.jsx","2"
".\frontend\src\layouts","AuthLayout.jsx","5.23"
".\frontend\src\layouts","DashboardLayout.jsx","4.12"
".\frontend\src\pages\accounts","AccountDetails.jsx","22.63"
".\frontend\src\pages\accounts","Accounts.jsx","15.53"
".\frontend\src\pages\accounts","AccountStatement.jsx","26.19"
".\frontend\src\pages\accounts","OpenAccount.jsx","20.85"
".\frontend\src\pages\admin","Accounts.jsx","32.51"
".\frontend\src\pages\admin","AdminDashboard.jsx","40.81"
".\frontend\src\pages\admin","AdminDashboard.jsx.before-admin-dashboard-update","33.56"
".\frontend\src\pages\admin","AdminDashboard.jsx.before-final-admin-dashboard-update","33.56"
".\frontend\src\pages\admin","AdminDashboard.jsx.before-nested-statistics-update","33.56"
".\frontend\src\pages\admin","AdminDashboard.jsx.before-operational-dashboard-fixed","36.51"
".\frontend\src\pages\admin","AdminDashboard.jsx.before-operational-dashboard-update","36.51"
".\frontend\src\pages\admin","AuditLogs.jsx","33.62"
".\frontend\src\pages\admin","Cards.jsx","26.91"
".\frontend\src\pages\admin","Deposits.jsx","35.85"
".\frontend\src\pages\admin","InvestmentDetails.jsx","32.61"
".\frontend\src\pages\admin","Investments.jsx","61.41"
".\frontend\src\pages\admin","KycReview.jsx","74.02"
".\frontend\src\pages\admin","LoanDetails.jsx","28.67"
".\frontend\src\pages\admin","Loans.jsx","36.41"
".\frontend\src\pages\admin","Operations.jsx","53.26"
".\frontend\src\pages\admin","Shares.jsx","37.76"
".\frontend\src\pages\admin","SupportTickets.jsx","34.22"
".\frontend\src\pages\admin","SystemSettings.jsx","37.02"
".\frontend\src\pages\admin","Transactions.jsx","45.6"
".\frontend\src\pages\admin","Transactions.jsx.before-status-ui","37.9"
".\frontend\src\pages\admin","Transfers.jsx","41.73"
".\frontend\src\pages\admin","UserDetails.jsx","46.79"
".\frontend\src\pages\admin","Users.jsx","32.77"
".\frontend\src\pages\admin","Withdrawals.jsx","37.67"
".\frontend\src\pages\auth","AuthSuccess.jsx","1.88"
".\frontend\src\pages\auth","ForgotPassword.jsx","4.71"
".\frontend\src\pages\auth","Login.jsx","9.44"
".\frontend\src\pages\auth","Register.jsx","12.74"
".\frontend\src\pages\auth","ResetPassword.jsx","4.76"
".\frontend\src\pages\auth","TwoFactor.jsx","4.69"
".\frontend\src\pages\auth","VerifyEmail.jsx","8.3"
".\frontend\src\pages\cards","CardDetails.jsx","37.4"
".\frontend\src\pages\cards","Cards.jsx","24.63"
".\frontend\src\pages\cards","CardTransactions.jsx","40.09"
".\frontend\src\pages\cards","CreateCard.jsx","27.59"
".\frontend\src\pages\dashboard","Dashboard.jsx","21.57"
".\frontend\src\pages\errors","Forbidden.jsx","0.92"
".\frontend\src\pages\errors","Maintenance.jsx","0.66"
".\frontend\src\pages\errors","NotFound.jsx","1.12"
".\frontend\src\pages\errors","ServerError.jsx","0.93"
".\frontend\src\pages\errors","Unauthorized.jsx","0.89"
".\frontend\src\pages\investments","BuyInvestment.jsx","57.29"
".\frontend\src\pages\investments","InvestmentDetails.jsx","24.33"
".\frontend\src\pages\investments","InvestmentHistory.jsx","32.38"
".\frontend\src\pages\investments","InvestmentOrders.jsx","34.24"
".\frontend\src\pages\investments","InvestmentProducts.jsx","22.81"
".\frontend\src\pages\investments","Investments.jsx","84.83"
".\frontend\src\pages\investments","SellInvestment.jsx","30.9"
".\frontend\src\pages\kyc","Kyc.jsx","37.91"
".\frontend\src\pages\kyc","KycDocuments.jsx","33.85"
".\frontend\src\pages\kyc","KycStart.jsx","23.87"
".\frontend\src\pages\kyc","KycStatus.jsx","32.53"
".\frontend\src\pages\loans","LoanApplication.jsx","61.93"
".\frontend\src\pages\loans","LoanDetails.jsx","50.44"
".\frontend\src\pages\loans","LoanRepayment.jsx","35.95"
".\frontend\src\pages\loans","Loans.jsx","46.53"
".\frontend\src\pages\loans","RepaymentSchedule.jsx","44.54"
".\frontend\src\pages\payments","PayBill.jsx","40.97"
".\frontend\src\pages\payments","PaymentDetails.jsx","34.7"
".\frontend\src\pages\payments","PaymentHistory.jsx","38.82"
".\frontend\src\pages\payments","Payments.jsx","33.29"
".\frontend\src\pages\savings","CreateSavings.jsx","45.99"
".\frontend\src\pages\savings","Savings.jsx","36.96"
".\frontend\src\pages\savings","SavingsDetails.jsx","46.53"
".\frontend\src\pages\savings","SavingsHistory.jsx","51.1"
".\frontend\src\pages\settings","ChangePassword.jsx","15.77"
".\frontend\src\pages\settings","Notifications.jsx","15.2"
".\frontend\src\pages\settings","Preferences.jsx","14.9"
".\frontend\src\pages\settings","Profile.jsx","13.99"
".\frontend\src\pages\settings","Security.jsx","12.25"
".\frontend\src\pages\settings","Sessions.jsx","20.7"
".\frontend\src\pages\settings","Settings.jsx","11.95"
".\frontend\src\pages\settings","TwoFactor.jsx","34.94"
".\frontend\src\pages\shares","BuyShares.jsx","35.64"
".\frontend\src\pages\shares","Dividends.jsx","40.68"
".\frontend\src\pages\shares","SellShares.jsx","30.01"
".\frontend\src\pages\shares","ShareDetails.jsx","37.11"
".\frontend\src\pages\shares","ShareOrders.jsx","31.48"
".\frontend\src\pages\shares","Shares.jsx","46.97"
".\frontend\src\pages\support","CreateTicket.jsx","17.06"
".\frontend\src\pages\support","Faq.jsx","19.43"
".\frontend\src\pages\support","Support.jsx","11.87"
".\frontend\src\pages\support","TicketDetails.jsx","24.81"
".\frontend\src\pages\transactions","ExportTransactions.jsx","0.32"
".\frontend\src\pages\transactions","Statements.jsx","29.61"
".\frontend\src\pages\transactions","TransactionDetails.jsx","26.42"
".\frontend\src\pages\transactions","Transactions.jsx","29.75"
".\frontend\src\pages\transfers","BankTransfer.jsx","84.79"
".\frontend\src\pages\transfers","BankTransferDetails.jsx","44.59"
".\frontend\src\pages\transfers","Beneficiaries.jsx","47.75"
".\frontend\src\pages\transfers","InternalTransfer.jsx","37.57"
".\frontend\src\pages\transfers","InternationalTransfer.jsx","40.64"
".\frontend\src\pages\transfers","TransferDetails.jsx","25.46"
".\frontend\src\pages\transfers","TransferMoney.jsx","10.59"
".\frontend\src\pages\transfers","Transfers.jsx","33.85"
".\frontend\src\pages\wallet","Deposit.jsx","38.43"
".\frontend\src\pages\wallet","Wallet.jsx","33.62"
".\frontend\src\pages\wallet","WalletDetails.jsx","39.74"
".\frontend\src\pages\wallet","WalletHistory.jsx","44.88"
".\frontend\src\pages\wallet","Withdraw.jsx","32.18"
".\frontend\src\services","accountService.js","1.14"
".\frontend\src\services","adminService.js","6.64"
".\frontend\src\services","api.js","5.08"
".\frontend\src\services","authService.js","2.12"
".\frontend\src\services","bankTransferService.js","4.55"
".\frontend\src\services","beneficiaryService.js","3.4"
".\frontend\src\services","cardService.js","6.45"
".\frontend\src\services","investmentService.js","5.94"
".\frontend\src\services","kycService.js","5.1"
".\frontend\src\services","loanService.js","6.38"
".\frontend\src\services","notificationService.js","4.04"
".\frontend\src\services","paymentService.js","6.11"
".\frontend\src\services","savingsService.js","7.49"
".\frontend\src\services","shareService.js","7.88"
".\frontend\src\services","statementService.js","5.87"
".\frontend\src\services","supportService.js","6.63"
".\frontend\src\services","transactionService.js","1.22"
".\frontend\src\services","transferService.js","3.49"
".\frontend\src\services","userService.js","1.4"
".\frontend\src\services","walletService.js","6.12"
".\frontend\src\utils","constants.js","2.51"
".\frontend\src\utils","error.js","2.29"
".\frontend\src\utils","formatAccountNumber.js","0.73"
".\frontend\src\utils","formatCurrency.js","1.74"
".\frontend\src\utils","formatDate.js","2.4"
".\frontend\src\utils","formatNumber.js","1.05"
".\frontend\src\utils","permissions.js","1.82"
".\frontend\src\utils","storage.js","8.58"
".\frontend\src\utils","transaction.js","16.88"
".\frontend\src\utils","validators.js","12.8"
